{
  "posts": [
    {
      "id": 1,
      "title": "shubham",
      "author": "typicode"
    },
    {
      "id": 2,
      "title": "joshi",
      "author": "typicode1"
    }
  ],
  "comments": [
    {
      "id": 1,
      "body": "some comment",
      "postId": 1
    },
    {
      "id": 2,
      "body": "some comment123",
      "postId": 2
    }
  ],
  "profile": [
    {
      "name": "typicode"
    },
    {
      "name": "typicode123"
    }
  ],
  "users": [
    {
      "id": 123,
      "username": "dm123",
      "password": "admin123"
    },
    {
      "id": 124,
      "username": "dm124",
      "password": "admin123"
    },
    {
      "id": "2046",
      "username": "dmj123",
      "password": "dmj123"
    },
    {
      "id": "520",
      "username": "dmj123",
      "password": "dmj123"
    },
    {
      "id": "2200",
      "username": "dmj123",
      "password": "dmj123"
    },
    {
      "id": "1100",
      "username": "dmj12345",
      "password": "dmj12345"
    },
    {
      "id": "1111",
      "username": "shubham@jo"
    },
    {
      "id": "1234",
      "username": "shubham@jo",
      "password": "jojo"
    },
    {
      "username": "shubham1@jo",
      "password": "papa",
      "id": "-DQS6Fv"
    },
    {
      "username": "joshiso@",
      "password": "kaka",
      "id": "RLyix3S"
    },
    {
      "username": "unknown@cy",
      "password": "not",
      "id": "TfW-oYM"
    },
    {
      "username": "shubh@jo",
      "password": "ccc",
      "id": "6_mat9Q"
    },
    {
      "username": "shubham@jo",
      "password": "lop",
      "id": "_L8PtaG"
    },
    {
      "username": "rajat@cyb",
      "password": "rajatcyb",
      "id": "RPh5tc8"
    },
    {
      "username": "soma@1",
      "password": "soma",
      "id": "pwbgwlH"
    },
    {
      "username": "rujuta@cyb",
      "password": "rrr",
      "id": "rQgubTp"
    },
    {
      "username": "aaaa@",
      "password": "aa",
      "id": "XU8LwAL"
    },
    {
      "username": "bbbb@",
      "password": "bb",
      "id": "nVP8STd"
    },
    {
      "username": "llll@",
      "password": "ll",
      "id": "Uu5SDTc"
    },
    {
      "username": "sh@",
      "password": "tyty",
      "id": "hlnNDAj"
    },
    {
      "username": "aa@ct",
      "password": "aqaq",
      "id": "Ogo5wnp"
    },
    {
      "username": "vaibhav@cy",
      "password": "vai",
      "id": "KohQ0Fn"
    },
    {
      "username": "anand@",
      "password": "anan",
      "id": "qGmS0Cw"
    },
    {
      "username": "aditya@",
      "password": "adi",
      "id": "Y4s2qiN"
    },
    {
      "username": "cycy@ko",
      "password": "cycy",
      "id": "pc9iBe0"
    },
    {
      "username": "cycy@",
      "password": "cc",
      "id": "7FnD8_b"
    },
    {
      "username": "bb@dt",
      "password": "bb",
      "id": "Wn3dOWp"
    },
    {
      "username": "shubham@",
      "password": "azx",
      "id": "l28F5qU"
    },
    {
      "username": "shubham@kk",
      "password": "lolo",
      "id": "BtGt4EV"
    },
    {
      "username": "popo@po",
      "password": "popo",
      "id": "T7DBOZy"
    },
    {
      "username": "popo@",
      "password": "pop",
      "id": "IEzDyyk"
    },
    {
      "username": "shubham@jo.com",
      "password": "pp",
      "id": "A0eLFAT"
    },
    {
      "username": "gggg",
      "password": "gg",
      "id": "UInyfn_"
    }
  ]
}